{"cameraMode":{"drawMode":0,"name":"Shaded","section":"Shading Mode"},"sceneLighting":true,"audioPlay":false,"sceneViewState":{"m_AlwaysRefresh":false,"showFog":true,"showSkybox":true,"showFlares":true,"showImageEffects":true,"showParticleSystems":true,"showVisualEffectGraphs":true,"m_FxEnabled":false},"in2DMode":false,"pivot":{"x":0.6385969519615173,"y":0.8990805149078369,"z":-0.6365392208099365},"rotation":{"x":-0.24443981051445008,"y":-0.1471029818058014,"z":0.03755231574177742,"w":-0.9577178359031677},"size":8.978580474853516,"orthographic":true}